{
  "generatedAt": "2026-05-29T12:43:11.948Z",
  "inputs": {
    "coarseSamples": 4,
    "refineSamples": 3,
    "coarseSpins": 500,
    "refineSpins": 1000,
    "verifySpins": 1500,
    "market": "MGA",
    "seed": 42
  },
  "targets": {
    "rtp": 0.95,
    "baseRtp": 0.57,
    "fsRtp": 0.38,
    "hitFreq": 0.3,
    "fsFreq": 0.007692307692307693,
    "maxWinXSoftCap": 500
  },
  "coarseTop": [
    {
      "candidate": {
        "lowScale": 0.7106622511520981,
        "premiumScale": 1.3482905589975416,
        "scatterScale": 0.9041027657687664,
        "freeSpinLowScale": 1.4036808497272433,
        "freeSpinPremiumScale": 1.3146650177426635,
        "scatterOuterDelta": -3,
        "scatterInnerDelta": -5,
        "scatterCenterDelta": -3,
        "wildDelta": 4,
        "premiumDelta": 2,
        "freeSpinScatterOuterDelta": -2,
        "freeSpinScatterInnerDelta": 4,
        "freeSpinScatterCenterDelta": 4,
        "freeSpinWildDelta": 1,
        "freeSpinPremiumDelta": 1
      },
      "rtp": 0.4202799999999997,
      "baseRtp": 0.3200999999999998,
      "fsRtp": 0.10017999999999999,
      "hitFreq": 0.492,
      "fsFreq": 0.008,
      "maxWinX": 45.93,
      "score": 41.077729230769236
    },
    {
      "candidate": {
        "lowScale": 0.6504376926459372,
        "premiumScale": 1.586612017918378,
        "scatterScale": 0.7469035839778371,
        "freeSpinLowScale": 0.6046115423552691,
        "freeSpinPremiumScale": 1.8474074627272783,
        "scatterOuterDelta": -1,
        "scatterInnerDelta": -6,
        "scatterCenterDelta": -3,
        "wildDelta": 0,
        "premiumDelta": 1,
        "freeSpinScatterOuterDelta": -3,
        "freeSpinScatterInnerDelta": -2,
        "freeSpinScatterCenterDelta": 4,
        "freeSpinWildDelta": 3,
        "freeSpinPremiumDelta": 0
      },
      "rtp": 0.31448000000000015,
      "baseRtp": 0.27206000000000014,
      "fsRtp": 0.04242,
      "hitFreq": 0.444,
      "fsFreq": 0.01,
      "maxWinX": 27.29,
      "score": 42.64212923076923
    },
    {
      "candidate": {
        "lowScale": 0.8652265515644103,
        "premiumScale": 1.4079962892923503,
        "scatterScale": 0.4827235636883415,
        "freeSpinLowScale": 0.9410483792424202,
        "freeSpinPremiumScale": 1.527384946634993,
        "scatterOuterDelta": -6,
        "scatterInnerDelta": -2,
        "scatterCenterDelta": -2,
        "wildDelta": 3,
        "premiumDelta": 4,
        "freeSpinScatterOuterDelta": -3,
        "freeSpinScatterInnerDelta": 5,
        "freeSpinScatterCenterDelta": 0,
        "freeSpinWildDelta": 5,
        "freeSpinPremiumDelta": 0
      },
      "rtp": 0.35978000000000004,
      "baseRtp": 0.30998000000000014,
      "fsRtp": 0.0498,
      "hitFreq": 0.476,
      "fsFreq": 0.004,
      "maxWinX": 41.78,
      "score": 52.11319076923077
    },
    {
      "candidate": {
        "lowScale": 0.4538031406700611,
        "premiumScale": 1.7426881253253668,
        "scatterScale": 0.6670309462817385,
        "freeSpinLowScale": 1.5708275805227458,
        "freeSpinPremiumScale": 1.5750311422161758,
        "scatterOuterDelta": -3,
        "scatterInnerDelta": -6,
        "scatterCenterDelta": -8,
        "wildDelta": 2,
        "premiumDelta": 2,
        "freeSpinScatterOuterDelta": -2,
        "freeSpinScatterInnerDelta": 2,
        "freeSpinScatterCenterDelta": -2,
        "freeSpinWildDelta": 1,
        "freeSpinPremiumDelta": 4
      },
      "rtp": 0.17700000000000005,
      "baseRtp": 0.15484000000000006,
      "fsRtp": 0.02216,
      "hitFreq": 0.484,
      "fsFreq": 0.002,
      "maxWinX": 28.17,
      "score": 55.511230769230764
    }
  ],
  "refineTop": [
    {
      "candidate": {
        "lowScale": 0.6172886108979583,
        "premiumScale": 1.1739940048940478,
        "scatterScale": 0.8706097303889692,
        "freeSpinLowScale": 1.3971009560767562,
        "freeSpinPremiumScale": 1.3594338254071772,
        "scatterOuterDelta": -2,
        "scatterInnerDelta": -6,
        "scatterCenterDelta": -2,
        "wildDelta": 5,
        "premiumDelta": 1,
        "freeSpinScatterOuterDelta": -1,
        "freeSpinScatterInnerDelta": 3,
        "freeSpinScatterCenterDelta": 4,
        "freeSpinWildDelta": 2,
        "freeSpinPremiumDelta": 0
      },
      "rtp": 0.4847599999999993,
      "baseRtp": 0.27943999999999974,
      "fsRtp": 0.20532000000000003,
      "hitFreq": 0.52,
      "fsFreq": 0.005,
      "maxWinX": 145.45,
      "score": 40.193550769230775
    },
    {
      "candidate": {
        "lowScale": 0.8488805043604225,
        "premiumScale": 1.4242730170395224,
        "scatterScale": 0.43374664735281837,
        "freeSpinLowScale": 0.7973642574995756,
        "freeSpinPremiumScale": 1.6060735515784472,
        "scatterOuterDelta": -7,
        "scatterInnerDelta": -1,
        "scatterCenterDelta": -1,
        "wildDelta": 2,
        "premiumDelta": 4,
        "freeSpinScatterOuterDelta": -2,
        "freeSpinScatterInnerDelta": 4,
        "freeSpinScatterCenterDelta": 1,
        "freeSpinWildDelta": 4,
        "freeSpinPremiumDelta": 1
      },
      "rtp": 0.2947199999999998,
      "baseRtp": 0.21689000000000033,
      "fsRtp": 0.07782999999999998,
      "hitFreq": 0.469,
      "fsFreq": 0.007,
      "maxWinX": 40.84,
      "score": 43.162270769230766
    },
    {
      "candidate": {
        "lowScale": 0.7693909650482238,
        "premiumScale": 1.6092200951837001,
        "scatterScale": 0.8467724235286005,
        "freeSpinLowScale": 0.5808480754774064,
        "freeSpinPremiumScale": 1.8787886723875997,
        "scatterOuterDelta": -1,
        "scatterInnerDelta": -6,
        "scatterCenterDelta": -4,
        "wildDelta": 1,
        "premiumDelta": 0,
        "freeSpinScatterOuterDelta": -3,
        "freeSpinScatterInnerDelta": -1,
        "freeSpinScatterCenterDelta": 5,
        "freeSpinWildDelta": 4,
        "freeSpinPremiumDelta": 1
      },
      "rtp": 0.3685499999999987,
      "baseRtp": 0.27747,
      "fsRtp": 0.09108,
      "hitFreq": 0.512,
      "fsFreq": 0.004,
      "maxWinX": 86.4,
      "score": 52.24333076923078
    }
  ],
  "verifyTop": [
    {
      "candidate": {
        "lowScale": 0.6172886108979583,
        "premiumScale": 1.1739940048940478,
        "scatterScale": 0.8706097303889692,
        "freeSpinLowScale": 1.3971009560767562,
        "freeSpinPremiumScale": 1.3594338254071772,
        "scatterOuterDelta": -2,
        "scatterInnerDelta": -6,
        "scatterCenterDelta": -2,
        "wildDelta": 5,
        "premiumDelta": 1,
        "freeSpinScatterOuterDelta": -1,
        "freeSpinScatterInnerDelta": 3,
        "freeSpinScatterCenterDelta": 4,
        "freeSpinWildDelta": 2,
        "freeSpinPremiumDelta": 0
      },
      "rtp": 0.7872466666666647,
      "baseRtp": 0.6991599999999979,
      "fsRtp": 0.08808666666666666,
      "hitFreq": 0.542,
      "fsFreq": 0.004,
      "maxWinX": 446.89,
      "score": 47.529990769230764
    },
    {
      "candidate": {
        "lowScale": 0.8488805043604225,
        "premiumScale": 1.4242730170395224,
        "scatterScale": 0.43374664735281837,
        "freeSpinLowScale": 0.7973642574995756,
        "freeSpinPremiumScale": 1.6060735515784472,
        "scatterOuterDelta": -7,
        "scatterInnerDelta": -1,
        "scatterCenterDelta": -1,
        "wildDelta": 2,
        "premiumDelta": 4,
        "freeSpinScatterOuterDelta": -2,
        "freeSpinScatterInnerDelta": 4,
        "freeSpinScatterCenterDelta": 1,
        "freeSpinWildDelta": 4,
        "freeSpinPremiumDelta": 1
      },
      "rtp": 0.2543399999999996,
      "baseRtp": 0.2047866666666665,
      "fsRtp": 0.049553333333333345,
      "hitFreq": 0.4553333333333333,
      "fsFreq": 0.004666666666666667,
      "maxWinX": 29.8,
      "score": 53.831110769230776
    },
    {
      "candidate": {
        "lowScale": 0.7693909650482238,
        "premiumScale": 1.6092200951837001,
        "scatterScale": 0.8467724235286005,